Training Loss,Validation Loss
0.10029999911785126,0.1
0.09999999403953552,0.1
