Training Loss,Validation Loss
0.09997999668121338,0.1
0.09999999403953552,0.1
0.09999999403953552,0.1
0.09999999403953552,0.1
0.09999999403953552,0.1
