Training Loss,Validation Loss
0.4550599753856659,0.5662
0.6444199681282043,0.5849
0.714139997959137,0.7023
0.7494399547576904,0.7177
