Training Loss,Validation Loss
0.3240799903869629,0.4451
0.524179995059967,0.5403
0.633899986743927,0.6657
0.6974799633026123,0.6648
0.7414599657058716,0.7487
